"ID","Edad","Genero","Localidad","Estrato","Vapeo_Semanal","Frecuencia_Alcohol","Red_Preferida","Tiempo_Pantalla","Bienestar_Subjetivo","Soledad_Percibida","Ansiedad_Sin_Celular"
"EST_001",19,"Masculino","Chapinero","3","Sí","Ocasional","TikTok",7.8,56.4,5,"1. Muy baja"
"EST_002",19,"Femenino","Chapinero","3","No","Frecuentemente","TikTok",3.6,66.9,4,"2. Baja"
"EST_003",20,"Masculino","Suba","3","Sí","Nunca","YouTube",9.1,60,2,"2. Baja"
"EST_004",19,"Masculino","Suba","3","No","Ocasional","Instagram",6.5,83.6,5,"4. Alta"
"EST_005",21,"Femenino","Chapinero","4","No","Ocasional","Instagram",13.8,51.8,4,"4. Alta"
"EST_006",19,"Femenino","Otro","3","Sí","Ocasional","Instagram",5.9,74.1,2,"3. Moderada"
"EST_007",18,"Masculino","Suba","2","No","Ocasional","TikTok",7.2,59.6,4,"4. Alta"
"EST_008",19,"Masculino","Chapinero","2","No","Ocasional","TikTok",9.3,61.6,6,"3. Moderada"
"EST_009",22,"Femenino","Otro","3","No","Ocasional","TikTok",6.1,59,3,"3. Moderada"
"EST_010",21,"Masculino","Kennedy","3","Sí","Ocasional","Instagram",10.1,60.4,7,"4. Alta"
"EST_011",20,"Masculino","Usaquén","3","No","Ocasional","Instagram",5.9,55.6,4,"3. Moderada"
"EST_012",17,"Femenino","Fontibón","3","No","Ocasional","Discord",7.6,43,3,"3. Moderada"
"EST_013",20,"Femenino","Fontibón","3","No","Ocasional","TikTok",4,50.9,1,"4. Alta"
"EST_014",20,"Masculino","Otro","6","No","Frecuentemente","TikTok",3.3,59.2,7,"5. Muy alta"
"EST_015",21,"Femenino","Kennedy","2","Sí","Nunca","YouTube",8.6,61.2,6,"5. Muy alta"
"EST_016",21,"Femenino","Suba","3","No","Nunca","Discord",3.1,50.5,6,"4. Alta"
"EST_017",17,"Femenino","Suba","3","Sí","Nunca","Instagram",11.2,78.5,6,"5. Muy alta"
"EST_018",22,"Masculino","Chapinero","2","No","Ocasional","Discord",13.8,42.3,5,"1. Muy baja"
"EST_019",23,"Femenino","Suba","3","No","Ocasional","Discord",7.5,73.3,4,"5. Muy alta"
"EST_020",19,"Masculino","Fontibón","2","Sí","Ocasional","Instagram",11.5,96.2,3,"5. Muy alta"
"EST_021",20,"Masculino","Kennedy","3","No","Nunca","Discord",9.1,74.4,2,"3. Moderada"
"EST_022",23,"Masculino","Usaquén","3","No","Nunca","Instagram",5.6,89.6,7,"3. Moderada"
"EST_023",19,"Masculino","Suba","3","Sí","Ocasional","TikTok",6.4,57.4,7,"2. Baja"
"EST_024",22,"Masculino","Fontibón","2","No","Ocasional","TikTok",5.6,77.4,2,"5. Muy alta"
"EST_025",18,"Femenino","Kennedy","3","Sí","Nunca","TikTok",8,73.6,4,"3. Moderada"
"EST_026",21,"Femenino","Usaquén","4","No","Nunca","TikTok",6.1,59.3,6,"4. Alta"
"EST_027",21,"Masculino","Usaquén","4","No","Nunca","Instagram",8.1,50.2,1,"4. Alta"
"EST_028",22,"Femenino","Usaquén","3","Sí","Ocasional","TikTok",6.6,72.3,7,"2. Baja"
"EST_029",19,"Femenino","Chapinero","4","No","Nunca","TikTok",6.4,85.8,6,"5. Muy alta"
"EST_030",21,"Masculino","Otro","3","Sí","Ocasional","YouTube",5.3,78.6,2,"4. Alta"
"EST_031",20,"Femenino","Usaquén","3","No","Ocasional","Instagram",8.2,66,7,"4. Alta"
"EST_032",18,"Masculino","Otro","4","No","Ocasional","Instagram",9.3,70.2,7,"3. Moderada"
"EST_033",20,"Masculino","Otro","3","No","Nunca","Instagram",7.5,74.4,3,"3. Moderada"
"EST_034",22,"Femenino","Suba","3","No","Nunca","TikTok",5.3,71.4,8,"1. Muy baja"
"EST_035",19,"Femenino","Kennedy","5","No","Nunca","TikTok",6.8,53.6,7,"4. Alta"
"EST_036",20,"Femenino","Kennedy","2","No","Nunca","Instagram",7.7,82.5,2,"5. Muy alta"
"EST_037",19,"Femenino","Kennedy","4","No","Nunca","Instagram",5.3,52.7,4,"3. Moderada"
"EST_038",18,"Femenino","Chapinero","4","Sí","Nunca","TikTok",7,85.9,5,"4. Alta"
"EST_039",20,"Femenino","Fontibón","3","Sí","Ocasional","TikTok",4.3,66.7,1,"3. Moderada"
"EST_040",17,"Masculino","Kennedy","3","Sí","Ocasional","Discord",3,51.1,7,"3. Moderada"
"EST_041",21,"Femenino","Kennedy","4","No","Ocasional","Instagram",7.3,53.1,4,"4. Alta"
"EST_042",20,"Masculino","Kennedy","3","Sí","Nunca","TikTok",6.6,69.4,10,"4. Alta"
"EST_043",20,"Femenino","Kennedy","3","No","Ocasional","Instagram",16,71.3,7,"5. Muy alta"
"EST_044",19,"Femenino","Usaquén","3","Sí","Ocasional","Instagram",4.9,52.1,7,"3. Moderada"
"EST_045",20,"Femenino","Kennedy","4","Sí","Ocasional","Discord",5.8,51,7,"5. Muy alta"
"EST_046",19,"Femenino","Fontibón","5","No","Ocasional","YouTube",3.1,54,8,"4. Alta"
"EST_047",21,"Femenino","Fontibón","4","No","Nunca","YouTube",7.4,68.5,8,"4. Alta"
"EST_048",20,"Femenino","Chapinero","3","No","Ocasional","Discord",8.9,54.9,7,"4. Alta"
"EST_049",19,"Masculino","Fontibón","4","No","Ocasional","Instagram",5.3,65.4,1,"4. Alta"
"EST_050",19,"Femenino","Kennedy","4","No","Nunca","TikTok",4.2,62.1,3,"3. Moderada"
"EST_051",21,"Femenino","Usaquén","2","No","Ocasional","Instagram",4.3,64.2,7,"3. Moderada"
"EST_052",21,"Femenino","Usaquén","3","No","Nunca","TikTok",6.6,71.2,5,"3. Moderada"
"EST_053",19,"Femenino","Fontibón","5","No","Ocasional","Instagram",13.7,42.9,10,"4. Alta"
"EST_054",19,"Femenino","Kennedy","3","Sí","Nunca","Instagram",6.4,70.5,8,"5. Muy alta"
"EST_055",18,"Femenino","Chapinero","3","Sí","Ocasional","TikTok",5.1,53.9,5,"3. Moderada"
"EST_056",19,"Femenino","Chapinero","4","No","Ocasional","TikTok",5.7,67.3,8,"5. Muy alta"
"EST_057",21,"Femenino","Kennedy","3","Sí","Ocasional","Discord",7.2,57.8,9,"5. Muy alta"
"EST_058",20,"Femenino","Usaquén","3","No","Ocasional","YouTube",5.6,57.9,8,"3. Moderada"
"EST_059",20,"Femenino","Suba","3","No","Nunca","Instagram",16,67.5,4,"2. Baja"
"EST_060",22,"Femenino","Usaquén","3","No","Ocasional","Instagram",6.6,58.8,5,"2. Baja"
"EST_061",19,"Femenino","Chapinero","4","Sí","Ocasional","TikTok",7.2,99.9,3,"4. Alta"
"EST_062",17,"Masculino","Chapinero","4","No","Ocasional","TikTok",5.2,58.4,4,"4. Alta"
"EST_063",22,"Masculino","Suba","5","No","Frecuentemente","Discord",4.8,46.1,8,"5. Muy alta"
"EST_064",22,"Femenino","Kennedy","4","No","Ocasional","YouTube",7.1,59,7,"3. Moderada"
"EST_065",20,"Masculino","Kennedy","4","No","Nunca","YouTube",7.4,63.9,2,"4. Alta"
"EST_066",19,"Masculino","Usaquén","3","No","Frecuentemente","Discord",11.1,64.6,6,"5. Muy alta"
"EST_067",22,"Femenino","Kennedy","3","Sí","Ocasional","Instagram",8.2,65.7,4,"4. Alta"
"EST_068",21,"Femenino","Fontibón","4","Sí","Ocasional","TikTok",6.4,60.4,6,"5. Muy alta"
"EST_069",20,"Femenino","Usaquén","3","No","Ocasional","YouTube",9.9,76.4,2,"4. Alta"
"EST_070",21,"Femenino","Suba","3","Sí","Ocasional","TikTok",5.1,49.1,2,"5. Muy alta"
"EST_071",20,"Femenino","Suba","4","Sí","Ocasional","TikTok",8.4,65.1,2,"3. Moderada"
"EST_072",21,"Femenino","Kennedy","3","No","Nunca","Discord",5.3,61.2,5,"4. Alta"
"EST_073",20,"Masculino","Usaquén","3","Sí","Nunca","Discord",6,67.3,6,"4. Alta"
"EST_074",21,"Femenino","Suba","4","Sí","Frecuentemente","Discord",6.9,68.6,8,"1. Muy baja"
"EST_075",22,"Masculino","Suba","5","No","Ocasional","Instagram",7.3,72.5,5,"1. Muy baja"
"EST_076",19,"Femenino","Usaquén","4","Sí","Ocasional","TikTok",3.4,73.5,6,"3. Moderada"
"EST_077",20,"Femenino","Usaquén","4","No","Nunca","Instagram",4.5,66.1,5,"4. Alta"
"EST_078",23,"Femenino","Suba","4","No","Ocasional","Instagram",6,62.7,6,"4. Alta"
"EST_079",20,"Femenino","Usaquén","3","No","Ocasional","Instagram",6.3,74.3,0,"3. Moderada"
"EST_080",21,"Masculino","Suba","3","Sí","Ocasional","Instagram",11.1,79.2,7,"4. Alta"
"EST_081",17,"Femenino","Kennedy","4","Sí","Ocasional","TikTok",13.1,68.4,6,"4. Alta"
"EST_082",17,"Masculino","Kennedy","4","No","Ocasional","TikTok",4,50.4,3,"4. Alta"
"EST_083",22,"Masculino","Chapinero","3","No","Nunca","TikTok",6.6,58.2,6,"4. Alta"
"EST_084",21,"Masculino","Chapinero","3","No","Ocasional","Instagram",9.2,69,5,"4. Alta"
"EST_085",21,"Femenino","Suba","3","Sí","Ocasional","TikTok",9,37.5,3,"3. Moderada"
"EST_086",20,"Masculino","Suba","4","No","Ocasional","Discord",8,80.3,3,"5. Muy alta"
"EST_087",22,"Femenino","Suba","6","No","Ocasional","TikTok",8.5,88.3,7,"3. Moderada"
"EST_088",23,"Femenino","Usaquén","1","Sí","Ocasional","Instagram",4.1,72.6,5,"3. Moderada"
"EST_089",18,"Femenino","Fontibón","3","Sí","Ocasional","TikTok",6.3,71.3,5,"3. Moderada"
"EST_090",19,"Femenino","Usaquén","4","Sí","Nunca","TikTok",14.2,86.8,4,"4. Alta"
"EST_091",20,"Masculino","Usaquén","3","No","Ocasional","Instagram",9.6,68.3,0,"3. Moderada"
"EST_092",21,"Femenino","Fontibón","4","No","Ocasional","Instagram",6.6,90.1,8,"3. Moderada"
"EST_093",21,"Femenino","Suba","4","No","Nunca","TikTok",10.8,74.3,5,"4. Alta"
"EST_094",20,"Femenino","Usaquén","4","No","Nunca","TikTok",7.8,64.8,7,"5. Muy alta"
"EST_095",21,"Femenino","Suba","3","No","Nunca","Instagram",5.6,70.6,4,"4. Alta"
"EST_096",21,"Masculino","Chapinero","3","Sí","Ocasional","TikTok",7.3,49.7,3,"3. Moderada"
"EST_097",20,"Femenino","Usaquén","4","Sí","Nunca","TikTok",9.3,72.6,3,"5. Muy alta"
"EST_098",21,"Femenino","Otro","3","No","Ocasional","YouTube",8.2,73.7,2,"4. Alta"
"EST_099",22,"Masculino","Kennedy","3","No","Nunca","Instagram",7.7,84.7,4,"4. Alta"
"EST_100",19,"Femenino","Suba","3","Sí","Frecuentemente","TikTok",6.5,55,6,"4. Alta"
"EST_101",21,"Masculino","Kennedy","3","No","Ocasional","Instagram",4.3,65.4,5,"3. Moderada"
"EST_102",21,"Femenino","Otro","4","Sí","Nunca","Instagram",11.3,67.1,4,"5. Muy alta"
"EST_103",21,"Femenino","Suba","4","No","Ocasional","Discord",4.7,70.7,4,"4. Alta"
"EST_104",21,"Masculino","Kennedy","4","No","Ocasional","Instagram",6,87.2,5,"3. Moderada"
"EST_105",20,"Femenino","Fontibón","3","No","Ocasional","Instagram",8.9,68.6,3,"3. Moderada"
"EST_106",20,"Masculino","Usaquén","2","No","Ocasional","Instagram",5.6,68.8,7,"5. Muy alta"
"EST_107",19,"Masculino","Kennedy","4","No","Ocasional","TikTok",5.9,67.9,5,"4. Alta"
"EST_108",19,"Masculino","Chapinero","4","No","Ocasional","Instagram",6.3,90.5,6,"4. Alta"
"EST_109",17,"Femenino","Kennedy","2","No","Ocasional","Instagram",5.4,70,5,"3. Moderada"
"EST_110",20,"Femenino","Usaquén","4","Sí","Ocasional","TikTok",9.2,74.7,4,"5. Muy alta"
"EST_111",18,"Femenino","Usaquén","4","No","Ocasional","TikTok",6.9,52.3,9,"5. Muy alta"
"EST_112",20,"Femenino","Fontibón","2","Sí","Ocasional","TikTok",3.3,79.8,1,"4. Alta"
"EST_113",20,"Femenino","Kennedy","3","Sí","Ocasional","Instagram",5.7,61.8,2,"2. Baja"
"EST_114",19,"Masculino","Usaquén","4","No","Nunca","Instagram",13.6,66.4,1,"4. Alta"
"EST_115",19,"Femenino","Suba","4","No","Ocasional","Discord",8.8,68.4,0,"2. Baja"
"EST_116",21,"Masculino","Fontibón","4","No","Ocasional","TikTok",5.3,81.3,8,"5. Muy alta"
"EST_117",19,"Masculino","Suba","3","Sí","Ocasional","TikTok",4.9,84.9,4,"5. Muy alta"
"EST_118",19,"Femenino","Suba","3","No","Ocasional","Instagram",6,69.8,6,"3. Moderada"
"EST_119",21,"Femenino","Suba","6","No","Ocasional","Instagram",3.8,53.3,6,"2. Baja"
"EST_120",18,"Masculino","Kennedy","2","No","Ocasional","Instagram",6.5,77.8,5,"5. Muy alta"
"EST_121",18,"Masculino","Fontibón","3","No","Nunca","TikTok",6.9,85.1,5,"5. Muy alta"
"EST_122",18,"Masculino","Suba","4","No","Ocasional","TikTok",6.1,76.5,5,"4. Alta"
"EST_123",22,"Masculino","Suba","5","Sí","Ocasional","TikTok",2.7,70.3,2,"5. Muy alta"
"EST_124",20,"Femenino","Chapinero","4","No","Ocasional","TikTok",4.8,64.8,6,"5. Muy alta"
"EST_125",22,"Masculino","Otro","3","No","Ocasional","Instagram",7.5,65.9,8,"2. Baja"
"EST_126",21,"Femenino","Suba","2","Sí","Nunca","TikTok",5.7,72.3,5,"3. Moderada"
"EST_127",20,"Femenino","Fontibón","4","Sí","Ocasional","Discord",6.6,88.3,1,"5. Muy alta"
"EST_128",19,"Femenino","Otro","4","Sí","Ocasional","TikTok",9.6,63.5,3,"1. Muy baja"
"EST_129",21,"Femenino","Kennedy","3","No","Ocasional","TikTok",8.6,55.1,6,"3. Moderada"
"EST_130",20,"Femenino","Chapinero","3","No","Nunca","TikTok",7.3,72.8,5,"4. Alta"
"EST_131",21,"Femenino","Otro","4","No","Ocasional","TikTok",6.4,55.9,7,"3. Moderada"
"EST_132",18,"Masculino","Chapinero","3","Sí","Ocasional","TikTok",6.4,75.9,0,"4. Alta"
"EST_133",21,"Masculino","Kennedy","3","No","Nunca","TikTok",9.8,73,4,"2. Baja"
"EST_134",21,"Femenino","Kennedy","6","Sí","Ocasional","Instagram",6.7,75.4,6,"4. Alta"
"EST_135",20,"Femenino","Suba","4","No","Frecuentemente","TikTok",13.8,69.2,3,"3. Moderada"
"EST_136",20,"Masculino","Kennedy","1","No","Ocasional","Instagram",4,66.8,4,"4. Alta"
"EST_137",23,"Femenino","Usaquén","3","No","Nunca","YouTube",11.6,68.9,3,"3. Moderada"
"EST_138",19,"Masculino","Usaquén","1","Sí","Nunca","Instagram",6.3,27,3,"2. Baja"
"EST_139",18,"Masculino","Usaquén","4","No","Ocasional","Instagram",8,55.9,5,"5. Muy alta"
"EST_140",22,"Masculino","Usaquén","3","Sí","Ocasional","Discord",8.5,72.2,4,"2. Baja"
"EST_141",18,"Masculino","Suba","3","Sí","Ocasional","TikTok",6.1,66,5,"3. Moderada"
"EST_142",19,"Masculino","Usaquén","4","No","Ocasional","TikTok",7.2,69.6,9,"5. Muy alta"
"EST_143",21,"Femenino","Chapinero","3","Sí","Ocasional","Discord",10.1,76.7,4,"4. Alta"
"EST_144",22,"Femenino","Chapinero","3","No","Nunca","YouTube",9.6,59.8,4,"4. Alta"
"EST_145",20,"Masculino","Suba","4","No","Nunca","Instagram",4.1,64.2,8,"2. Baja"
"EST_146",21,"Femenino","Suba","5","No","Ocasional","TikTok",5.5,61,3,"4. Alta"
"EST_147",19,"Masculino","Chapinero","4","No","Nunca","TikTok",9.8,77.1,5,"3. Moderada"
"EST_148",21,"Femenino","Kennedy","3","Sí","Frecuentemente","TikTok",8.6,70.4,2,"5. Muy alta"
"EST_149",21,"Masculino","Chapinero","5","No","Ocasional","Discord",7.1,59.9,3,"2. Baja"
"EST_150",18,"Femenino","Chapinero","4","No","Ocasional","Discord",5.6,66.2,5,"3. Moderada"
"EST_151",19,"Femenino","Kennedy","3","Sí","Ocasional","TikTok",6.8,61.7,3,"5. Muy alta"
"EST_152",20,"Femenino","Suba","4","No","Nunca","TikTok",5.8,65.2,7,"3. Moderada"
"EST_153",20,"Masculino","Fontibón","2","Sí","Ocasional","Discord",10.7,90.8,4,"5. Muy alta"
"EST_154",18,"Femenino","Usaquén","2","No","Ocasional","Instagram",2.7,61.1,4,"4. Alta"
"EST_155",18,"Femenino","Usaquén","3","Sí","Ocasional","Instagram",5.5,49,10,"4. Alta"
"EST_156",23,"Masculino","Usaquén","3","Sí","Nunca","Instagram",8.6,78.8,4,"4. Alta"
"EST_157",22,"Femenino","Fontibón","3","Sí","Ocasional","Discord",5.5,63.6,4,"2. Baja"
"EST_158",19,"Masculino","Suba","4","No","Ocasional","Discord",5.9,61.3,3,"2. Baja"
"EST_159",23,"Masculino","Suba","4","Sí","Ocasional","TikTok",7.4,69.4,2,"4. Alta"
"EST_160",19,"Femenino","Suba","4","Sí","Ocasional","Discord",4.3,71.1,3,"4. Alta"
"EST_161",21,"Masculino","Suba","3","Sí","Ocasional","YouTube",7.1,82.7,6,"2. Baja"
"EST_162",21,"Femenino","Kennedy","3","Sí","Ocasional","TikTok",5.2,79.5,4,"4. Alta"
"EST_163",20,"Masculino","Suba","4","Sí","Ocasional","TikTok",10,73.4,2,"2. Baja"
"EST_164",19,"Femenino","Otro","4","No","Ocasional","Discord",13.1,54.2,9,"3. Moderada"
"EST_165",20,"Masculino","Suba","4","No","Ocasional","TikTok",6.7,69.6,8,"4. Alta"
"EST_166",20,"Masculino","Otro","3","Sí","Nunca","Instagram",6,63.7,2,"3. Moderada"
"EST_167",21,"Femenino","Kennedy","5","No","Ocasional","Discord",11.4,64.4,5,"3. Moderada"
"EST_168",20,"Masculino","Suba","4","No","Ocasional","Instagram",11.1,55,2,"4. Alta"
"EST_169",20,"Femenino","Kennedy","4","No","Nunca","YouTube",7.4,58.5,5,"2. Baja"
"EST_170",18,"Femenino","Usaquén","2","Sí","Nunca","Instagram",8.1,59.8,5,"4. Alta"
"EST_171",18,"Femenino","Kennedy","4","No","Ocasional","Instagram",6.7,66.1,2,"4. Alta"
"EST_172",22,"Femenino","Usaquén","3","No","Ocasional","TikTok",7.4,72.8,5,"3. Moderada"
"EST_173",20,"Masculino","Chapinero","2","No","Ocasional","TikTok",7.4,64.4,3,"4. Alta"
"EST_174",19,"Femenino","Chapinero","3","No","Ocasional","Instagram",8.2,90.8,3,"4. Alta"
"EST_175",19,"Femenino","Suba","6","No","Ocasional","Instagram",7.8,81.9,6,"2. Baja"
"EST_176",20,"Femenino","Usaquén","1","No","Ocasional","Discord",5.3,100,1,"2. Baja"
"EST_177",21,"Masculino","Kennedy","3","Sí","Ocasional","TikTok",8.2,76.8,6,"4. Alta"
"EST_178",19,"Femenino","Fontibón","4","Sí","Ocasional","Instagram",7.5,56,4,"5. Muy alta"
"EST_179",21,"Masculino","Suba","5","No","Nunca","TikTok",3.4,68.5,4,"3. Moderada"
"EST_180",19,"Masculino","Chapinero","3","No","Nunca","TikTok",4.4,83.2,1,"5. Muy alta"
"EST_181",20,"Masculino","Fontibón","5","No","Ocasional","TikTok",14,69.3,5,"3. Moderada"
"EST_182",21,"Masculino","Kennedy","4","No","Ocasional","TikTok",3.9,57.2,6,"5. Muy alta"
"EST_183",20,"Femenino","Fontibón","1","No","Frecuentemente","Discord",4.2,73.6,3,"5. Muy alta"
"EST_184",19,"Masculino","Suba","4","No","Ocasional","Instagram",5.2,46.4,2,"2. Baja"
"EST_185",23,"Femenino","Suba","4","No","Ocasional","Instagram",8.9,63.9,7,"3. Moderada"
"EST_186",22,"Masculino","Otro","4","No","Ocasional","TikTok",5.8,79.5,4,"4. Alta"
"EST_187",19,"Masculino","Suba","2","No","Ocasional","Discord",3.6,30.6,3,"1. Muy baja"
"EST_188",18,"Femenino","Otro","3","No","Ocasional","TikTok",8.8,64.3,2,"3. Moderada"
"EST_189",22,"Femenino","Kennedy","3","No","Ocasional","TikTok",7.1,59.2,0,"3. Moderada"
"EST_190",20,"Masculino","Fontibón","3","No","Nunca","Instagram",5.9,81.4,6,"4. Alta"
"EST_191",19,"Femenino","Kennedy","3","No","Ocasional","Instagram",9.4,67.3,0,"4. Alta"
"EST_192",21,"Femenino","Fontibón","5","Sí","Ocasional","TikTok",7,80.2,4,"3. Moderada"
"EST_193",21,"Masculino","Suba","3","No","Ocasional","Discord",3.5,86.5,2,"4. Alta"
"EST_194",21,"Masculino","Suba","3","Sí","Nunca","YouTube",6.7,81.7,3,"3. Moderada"
"EST_195",19,"Femenino","Usaquén","2","Sí","Nunca","TikTok",4.7,68.7,8,"3. Moderada"
"EST_196",18,"Masculino","Otro","4","No","Ocasional","Instagram",5.2,79.7,6,"3. Moderada"
"EST_197",19,"Masculino","Otro","3","No","Ocasional","TikTok",5.7,39.7,0,"2. Baja"
"EST_198",19,"Masculino","Fontibón","3","No","Ocasional","YouTube",4.3,91.3,6,"4. Alta"
"EST_199",19,"Masculino","Otro","3","No","Frecuentemente","TikTok",9.7,65.3,1,"3. Moderada"
"EST_200",20,"Femenino","Chapinero","2","No","Ocasional","TikTok",8.9,56,7,"4. Alta"
"EST_201",20,"Masculino","Fontibón","4","Sí","Ocasional","Instagram",9.5,74.2,5,"3. Moderada"
"EST_202",20,"Femenino","Usaquén","4","Sí","Nunca","TikTok",6.3,75.7,7,"2. Baja"
"EST_203",20,"Masculino","Suba","4","Sí","Nunca","TikTok",8.2,69.9,4,"4. Alta"
"EST_204",20,"Femenino","Usaquén","6","No","Ocasional","Discord",8.9,71.4,3,"1. Muy baja"
"EST_205",18,"Femenino","Kennedy","6","Sí","Frecuentemente","Instagram",3.1,44.4,7,"3. Moderada"
"EST_206",21,"Masculino","Suba","4","No","Nunca","TikTok",10.5,85.9,2,"2. Baja"
"EST_207",20,"Femenino","Kennedy","4","Sí","Ocasional","TikTok",8.2,68.3,4,"5. Muy alta"
"EST_208",20,"Femenino","Suba","4","No","Ocasional","TikTok",8.1,61,4,"4. Alta"
"EST_209",19,"Femenino","Kennedy","3","Sí","Frecuentemente","Instagram",4.6,73.2,0,"2. Baja"
"EST_210",23,"Femenino","Chapinero","4","No","Ocasional","Discord",7.1,75.9,5,"3. Moderada"
"EST_211",19,"Femenino","Kennedy","4","No","Nunca","TikTok",7.7,65.2,5,"4. Alta"
"EST_212",22,"Masculino","Usaquén","4","No","Ocasional","Instagram",5.9,85.6,2,"1. Muy baja"
"EST_213",19,"Femenino","Chapinero","5","Sí","Ocasional","Instagram",2.5,66.6,4,"3. Moderada"
"EST_214",21,"Femenino","Suba","3","Sí","Ocasional","TikTok",5.9,59.4,3,"3. Moderada"
"EST_215",23,"Masculino","Suba","5","No","Ocasional","Discord",5.3,58.9,5,"4. Alta"
"EST_216",21,"Femenino","Suba","4","No","Ocasional","YouTube",3.3,80,7,"3. Moderada"
"EST_217",23,"Masculino","Otro","3","No","Ocasional","TikTok",4.7,70.3,4,"5. Muy alta"
"EST_218",18,"Femenino","Suba","4","No","Ocasional","Discord",6.6,85.6,2,"5. Muy alta"
"EST_219",19,"Masculino","Fontibón","1","Sí","Frecuentemente","YouTube",7.6,55.6,6,"4. Alta"
"EST_220",20,"Masculino","Kennedy","6","No","Ocasional","Instagram",8.6,71.5,4,"2. Baja"
"EST_221",22,"Masculino","Chapinero","4","No","Ocasional","Instagram",4.9,53.5,6,"4. Alta"
"EST_222",21,"Femenino","Fontibón","3","No","Ocasional","TikTok",3.6,45.4,10,"4. Alta"
"EST_223",21,"Femenino","Kennedy","6","No","Ocasional","TikTok",11.9,63.7,2,"3. Moderada"
"EST_224",20,"Femenino","Kennedy","3","Sí","Nunca","TikTok",7.2,59.3,2,"3. Moderada"
"EST_225",19,"Femenino","Fontibón","3","Sí","Ocasional","YouTube",9.4,76.5,7,"5. Muy alta"
"EST_226",21,"Masculino","Otro","3","No","Ocasional","Instagram",6.4,89.2,2,"5. Muy alta"
"EST_227",22,"Masculino","Kennedy","4","No","Ocasional","TikTok",8.5,61.5,3,"3. Moderada"
"EST_228",19,"Femenino","Suba","4","Sí","Ocasional","TikTok",10.1,60.2,3,"4. Alta"
"EST_229",21,"Masculino","Fontibón","4","No","Ocasional","Discord",3.6,39.7,3,"3. Moderada"
"EST_230",21,"Masculino","Chapinero","3","No","Ocasional","Instagram",11.3,75.8,4,"4. Alta"
"EST_231",20,"Femenino","Suba","3","No","Nunca","TikTok",8.7,67.8,3,"5. Muy alta"
"EST_232",21,"Femenino","Suba","3","No","Ocasional","Instagram",8.9,56.4,6,"5. Muy alta"
"EST_233",22,"Femenino","Kennedy","4","No","Ocasional","Instagram",11.5,79.4,9,"5. Muy alta"
"EST_234",21,"Femenino","Usaquén","4","No","Ocasional","Instagram",5.1,71.7,4,"4. Alta"
"EST_235",21,"Femenino","Chapinero","5","No","Ocasional","Discord",3.3,75.5,7,"5. Muy alta"
"EST_236",20,"Femenino","Kennedy","3","No","Ocasional","Instagram",5.3,53.1,8,"3. Moderada"
"EST_237",21,"Masculino","Otro","3","Sí","Ocasional","Instagram",3.6,48.7,6,"4. Alta"
"EST_238",19,"Femenino","Suba","2","No","Ocasional","Discord",4.7,53.1,6,"4. Alta"
"EST_239",21,"Femenino","Kennedy","3","Sí","Nunca","Instagram",13.6,59.2,5,"5. Muy alta"
"EST_240",23,"Femenino","Otro","2","Sí","Nunca","Instagram",3.9,59.4,5,"3. Moderada"
"EST_241",19,"Femenino","Kennedy","4","No","Nunca","TikTok",7.5,88.7,1,"5. Muy alta"
"EST_242",20,"Femenino","Kennedy","4","Sí","Ocasional","Instagram",4.4,72.5,4,"2. Baja"
"EST_243",21,"Femenino","Fontibón","2","No","Ocasional","Discord",7.4,57.3,5,"3. Moderada"
"EST_244",19,"Masculino","Suba","3","Sí","Ocasional","TikTok",5.4,62,4,"3. Moderada"
"EST_245",22,"Femenino","Kennedy","4","Sí","Ocasional","TikTok",5,76.9,7,"4. Alta"
"EST_246",18,"Masculino","Usaquén","3","Sí","Ocasional","Instagram",10.3,61.2,4,"3. Moderada"
"EST_247",20,"Femenino","Usaquén","3","No","Ocasional","Discord",8.6,66.3,5,"4. Alta"
"EST_248",20,"Masculino","Chapinero","4","Sí","Ocasional","Instagram",8.1,82.5,2,"3. Moderada"
"EST_249",20,"Femenino","Chapinero","3","Sí","Ocasional","Discord",7.2,100,5,"3. Moderada"
"EST_250",18,"Femenino","Otro","3","No","Ocasional","Instagram",16,64.9,6,"5. Muy alta"
